[
  {
    "name": "Can",
    "price": 1.5,
    "imageUrl": "https://134775575.cdn6.editmysite.com/uploads/1/3/4/7/134775575/s376408477758671052_p5_i1_w700.jpeg"
  },
  {
    "name": "Water",
    "price": 1.0,
    "imageUrl": "https://media.istockphoto.com/id/454273399/photo/pouring-water-from-bottle-into-glass-on-blue-background.jpg?s=612x612&w=0&k=20&c=0SLUO53_48thzcpFVLrEiF9Yb8jTbKmO0acUpWsC3yg="
  },
  {
    "name": "Iced Tea",
    "price": 1.80,
    "imageUrl": "https://preppykitchen.com/wp-content/uploads/2023/09/Long-Island-Iced-Tea-Recipe-Card-500x500.jpg"
  }
]